tconst,originalTitle,runtimeMinutes
tt0000001,Carmencita,1
tt0000002,Le clown et ses chiens,5
tt0000003,Pauvre Pierrot,5
tt0000004,Un bon bock,12
tt0000005,Blacksmith Scene,1
tt0000006,Chinese Opium Den,1
tt0000007,Corbett and Courtney Before the Kinetograph,1
tt0000008,Edison Kinetoscopic Record of a Sneeze,1
tt0000009,Miss Jerry,45
tt0000010,La sortie de l'usine Lumière à Lyon,1
tt0000011,Akrobatisches Potpourri,1
tt0000012,L'arrivée d'un train à La Ciotat,1
tt0000013,Le débarquement du congrès de photographie à Lyon,1
tt0000014,L'arroseur arrosé,1
tt0000015,Autour d'une cabine,2
tt0000016,Barque sortant du port,1
tt0000017,Italienischer Bauerntanz,1
tt0000018,Das boxende Känguruh,1
tt0000019,The Clown Barber,\N
tt0000020,The Derby 1895,1
tt0000022,Les forgerons,1
tt0000023,Baignade en mer,1
tt0000024,Opening of the Kiel Canal,1
tt0000025,The Oxford and Cambridge University Boat Race,\N
tt0000026,Partie d'écarté,1
tt0000027,Place des Cordeliers à Lyon,1
tt0000028,La pêche aux poissons rouges,1
tt0000029,Repas de bébé,1
tt0000030,Rough Sea at Dover,1
tt0000031,Le saut à la couverture,1
tt0000032,Die Serpentintänzerin,1
tt0000033,La voltige,1
tt0000034,Arrivée d'un train gare de Vincennes,1
tt0000035,L'arroseur,1
tt0000036,Awakening of Rip,1
tt0000037,Baignade en mer,1
tt0000038,The Ball Game,1
tt0000039,Barnet Horse Fair,\N
tt0000040,Barque sortant du port de Trouville,\N
tt0000041,Bataille de neige,1
tt0000042,Bateau-mouche sur la Seine,\N
tt0000043,Batteuse à vapeur,\N
tt0000044,Le bivouac,1
tt0000045,Les blanchisseuses,\N
tt0000046,Bois de Boulogne,\N
tt0000047,Boulevard des Italiens,\N
tt0000048,The Boxing Kangaroo,\N
tt0000049,"Boxing Match; or, Glove Contest",\N
tt0000050,Bébé et fillettes,\N
tt0000051,Campement de bohémiens,\N
tt0000052,Ruraux au galop,1
tt0000053,A Chegada do Comboio Inaugural à Estação Central do Porto,\N
tt0000054,Les chevaux de bois,\N
tt0000055,Le chiffonnier,\N
tt0000056,Uma Corrida de Touros no Campo Pequeno,\N
tt0000057,Cortège de tzar allant à Versailles,\N
tt0000058,Cortège de tzar au Bois de Boulogne,\N
tt0000059,Couronnement de la rosière,\N
tt0000060,Dancing Darkies,\N
tt0000061,Dancing Girls,\N
tt0000062,Danse serpentine,1
tt0000063,Dessinateur express,\N
tt0000064,Dessinateur: Chamberlain,\N
tt0000065,Dessinateur: Reine Victoria,\N
tt0000066,Dessinateur: Von Bismark,\N
tt0000067,Dix chapeaux en 60 secondes,\N
tt0000068,Déchargement de bateaux,\N
tt0000069,Défense d'afficher,1
tt0000070,Démolition d'un mur,1
tt0000071,Départ des automobiles,\N
tt0000072,Départ des officiers,\N
tt0000073,Effets de mer sur les rochers,\N
tt0000074,Enfants jouant sur la plage,\N
tt0000075,Escamotage d'une dame au théâtre Robert Houdin,1
tt0000076,Exit of Rip and the Dwarf,1
tt0000077,"Le fakir, mystère indien",\N
tt0000078,Feira de Gado na Corujeira,1
tt0000079,La gare Saint-Lazare,\N
tt0000080,Grandes manoeuvres,\N
tt0000081,Les haleurs de bateaux,\N
tt0000082,A Hard Wash,\N
tt0000083,Les indiscrets,\N
tt0000084,Les ivrognes,\N
tt0000085,Jardinier brûlant des herbes,\N
tt0000086,Jetée et plage de Trouville (1er partie),\N
tt0000087,Jetée et plage de Trouville (2e partie),\N
tt0000088,Jour de marché à Trouville,\N
tt0000089,Départ de Jérusalem en chemin de fer,1
tt0000090,Libération des territoriaux,\N
tt0000091,Le manoir du diable,3
tt0000092,Marée montante sur Brise-Larmes,\N
tt0000093,Melbourne,\N
tt0000094,Miss de Vere,\N
tt0000095,Le papier protée,\N
tt0000096,Place Saint-Augustin,\N
tt0000097,"Place de l'Opéra, 1er aspect",\N
tt0000098,"Place de l'Opéra, 2e aspect",\N
tt0000099,Place de la Bastille,\N
tt0000100,Place de la Concorde,\N
tt0000101,Place du théâtre français,\N
tt0000102,Plage de Villiers par gros temps,\N
tt0000103,Plus fort que le maître,\N
tt0000104,Pompiers à Lyon,1
tt0000105,Les quais à Marseille,\N
tt0000106,Retour au cantonnement,\N
tt0000107,Revue navale à Cherbourg,\N
tt0000108,Rip Leaving Sleepy Hollow,1
tt0000109,Rip Meeting the Dwarf,1
tt0000110,Rip Passing Over the Mountain,1
tt0000111,Rip's Toast,1
tt0000112,Rip's Toast to Hudson,1
tt0000113,Rip's Twenty Years' Sleep,1
tt0000114,Le régiment,\N
tt0000115,Réunion d'officiers,\N
tt0000116,Sac au dos,\N
tt0000117,Saída do Pessoal Operário da Fábrica Confiança,1
tt0000118,Salut malencontreux d'un déserteur,\N
tt0000119,"Sauvetage en rivière, 1er",\N
tt0000120,"Sauvetage en rivière, 2e",\N
tt0000121,The Soldier's Courtship,1
tt0000122,Sortie des ateliers Vibert,\N
tt0000123,Séance de prestidigitation,1
tt0000124,Tempête sur la jetée du treport,\N
tt0000125,The Terrible Railway Accident,\N
tt0000126,Tom Old Boot,\N
tt0000127,Les tribulations d'un concierge,\N
tt0000128,Un lycée de jeunes filles,\N
tt0000129,Un petit diable,\N
tt0000130,Une altercation au café,\N
tt0000131,Une nuit terrible,1
tt0000132,Une partie de cartes,1
tt0000133,La voiture du potier,\N
tt0000134,The Wandering Negro Minstrels,\N
tt0000135,A Watermelon Feast,\N
tt0000137,Au réfectoire,\N
tt0000138,L'auberge ensorcelée,2
tt0000139,L'aveugle,\N
tt0000140,Baignade dans le torrent,1
tt0000141,Ballet libella,2
tt0000142,Buffalo Bill and Escort,\N
tt0000143,Les cambrioleurs,1
tt0000144,Chez le magnétiseur,1
tt0000145,En classe,\N
tt0000146,Le cocher de fiacre endormi,\N
tt0000147,The Corbett-Fitzsimmons Fight,100
tt0000148,Le Coucher d'Yvette,\N
tt0000149,Dans les coulisses,\N
tt0000150,Danse fleur de lotus,1
tt0000151,Faust et Marguerite,\N
tt0000152,L'hallucination de l'alchimiste,2
tt0000153,The Haunted Castle,1
tt0000154,Henley Regatta,\N
tt0000155,Le magnétiseur,\N
tt0000156,L'hôtel empoisonné,\N
tt0000157,Idylle,\N
tt0000158,Idylle interrompue,\N
tt0000159,Le cabinet de Méphistophélès,1
tt0000160,The Last Days of Pompeii,\N
tt0000161,Leçon de danse,\N
tt0000162,Les chutes,1
tt0000163,Le planton du colonel,\N
tt0000164,Le pêcheur dans le torrent,1
tt0000165,Riña en un café,1
tt0000166,Salida de los trabajadores de la fábrica España Industrial,1
tt0000167,Salida de misa de doce del Pilar de Zaragoza,\N
tt0000168,Salida del público de la iglesia parroquial de Santa María de Sans,1
tt0000169,Slagsmål i gamla Stockholm,1
tt0000170,The Twins' Tea Party,1
tt0000171,Une nuit agitée,\N
tt0000172,The X-Ray Fiend,1
tt0000173,Battle of Santiago Bay,\N
tt0000174,Výstavní párkar a lepic plakátù,1
tt0000175,A Sea Cave Near Lisbon,1
tt0000176,Brittania,\N
tt0000177,The Burglar on the Roof,1
tt0000178,The Cavalier's Dream,1
tt0000179,The Cave of the Demons,\N
tt0000180,Le chemin de croix,\N
tt0000181,Cinderella,\N
tt0000182,"Come Along, Do!",1
tt0000183,The Corsican Brothers,\N
tt0000184,Cripple Creek Bar-Room Scene,1
tt0000185,La crèche à Bethléem,\N
tt0000186,Le cuirassé Maine,\N
tt0000187,La cène,1
tt0000188,The Deserter,\N
tt0000189,Dorotea,\N
tt0000190,Dostavenícko ve mlýnici,1
tt0000191,Déménagement à la cloche de bois,\N
tt0000192,"Ella Lola, a la Trilby",\N
tt0000193,L'entrée à Jérusalem,\N
tt0000194,Express Train on a Railway Cutting,\N
tt0000195,Les farces de Jocko,\N
tt0000196,Faust and Mephistopheles,\N
tt0000197,La flagellation,1
tt0000198,La fuite en Égypte,1
tt0000199,Glasgow Fire Engine,\N
tt0000200,Gran corrida de toros,\N
tt0000201,Indian War Council,\N
tt0000202,Le jardin des oliviers,\N
tt0000203,Je vous y prrrrends!,\N
tt0000204,Jésus devant Pilate,\N
tt0000205,Leçons de boxe,1
tt0000206,"Llegada de un tren a la estación de ferrocarril del Norte, de Barcelona",\N
tt0000207,London Express,\N
tt0000208,The Miller and the Sweep,1
tt0000209,Photographing a Ghost,\N
tt0000210,Les rayons Röntgen,1
tt0000211,La lune à un mètre,3
tt0000212,Saida do Paquete Duque de Braganca,\N
tt0000213,Scène d'escamotage,1
tt0000214,Tearing Down the Spanish Flag,\N
tt0000215,Smích a plác,\N
tt0000216,Visita de Doña María Cristina y Alfonso XIII a Barcelona,\N
tt0000217,Waves and Spray,\N
tt0000218,L'affaire Dreyfus,13
tt0000219,Aladdin and the Wonderful Lamp,\N
tt0000220,The Artist and the Flower Girl,\N
tt0000221,Aspectos da Praia de Cascais,\N
tt0000222,Au cabaret,1
tt0000223,L'aveugle,\N
tt0000224,Battlefield,\N
tt0000225,La belle et la bête,\N
tt0000226,Boat Race,\N
tt0000227,Bombardment of Mafeking,\N
tt0000228,La bonne absinthe,1
tt0000229,Casey at the Bat,1
tt0000230,Cendrillon,6
tt0000231,Portuguese Railway Train,1
tt0000232,Le chiffonnier,\N
tt0000233,Choque de dos transatlánticos,2
tt0000234,Cléopâtre,1
tt0000235,La colonne de feu,1
tt0000236,Courte échelle,\N
tt0000237,Le crucifiement,\N
tt0000238,Les dangers de l'alcoolisme,\N
tt0000239,Danse serpentine par Mme. Bob Walter,2
tt0000240,Distributing a War Extra,1
tt0000241,La descente de croix,\N
tt0000242,Le diable au couvent,3
tt0000243,Le déjeuner des enfants,\N
tt0000244,Erreur judiciaire,\N
tt0000245,The Haunted House,\N
tt0000246,L'impressionniste fin de siècle,1
tt0000247,King John,5
tt0000248,The Kiss in the Tunnel,1
tt0000249,The Legacy,\N
tt0000250,Llegada del vapor Bellver a Mallorca,3
tt0000251,Matches: An Appeal,1
tt0000252,La mauvaise soupe,\N
tt0000253,The Miser's Doom,\N
tt0000254,Monnaie de lapin,\N
tt0000255,Mésaventure d'un charbonnier,\N
tt0000256,Panorama from the Tower of the Brooklyn Bridge,\N
tt0000257,La résurrection,\N
tt0000258,Le tondeur de chiens,\N
tt0000259,Le tonnelier,\N
tt0000260,Transformations,\N
tt0000261,Un bon lit,1
tt0000262,Un lunch,\N
tt0000263,"Vista de la entrada principal de la plaza de toros de Jerez, el segundo día de feria",\N
tt0000264,Évocation spirite,1
tt0000265,Above the Limit,\N
tt0000266,Above the Speedway,\N
tt0000267,L'angélus,\N
tt0000268,L'arléquine,\N
tt0000269,Army Life,\N
tt0000270,Arrivée d'Arléquin,\N
tt0000271,Arrivée de Pierette et Pierrot,\N
tt0000272,As Seen Through a Telescope,1
tt0000273,Attack on a China Mission,4
tt0000274,Avenue de l'opéra,1
tt0000275,Badinage,\N
tt0000276,Bataille d'oreillers,\N
tt0000277,Bataille de boules de neige,\N
tt0000278,Buffalo Bill's Show Parade,\N
tt0000279,Buffalo Bill's Wild West Parade,\N
tt0000280,Buffalo Bill's Wild West Parade,\N
tt0000281,Buffalo Bill's Wild West Show,\N
tt0000282,Le bébé,\N
tt0000283,Chez le Maréchal-Ferrant,\N
tt0000284,Chez le photographe,1
tt0000285,Chinese Magic,\N
tt0000286,Chirurgie fin de siècle,2
tt0000287,The Clown and the Alchemist,1
tt0000288,La concierge,1
tt0000289,Coucher d'une Parisienne,\N
tt0000290,Dance de l'ivresse,\N
tt0000291,Dans les coulisses,\N
tt0000292,Danse du papillon,\N
tt0000293,Danse du pas des foulards par des almées,\N
tt0000294,La danse du ventre,\N
tt0000295,Danse du voile,\N
tt0000296,Danse serpentine,2
tt0000297,Danses,\N
tt0000298,Déclaration d'amour,\N
tt0000299,Le départ d'Arlequin et de Pierrette,2
tt0000300,The Enchanted Drawing,2
tt0000301,Faust and Marguerite,1
tt0000302,"La fée aux choux, ou la naissance des enfants",1
tt0000303,Gavotte directoire,\N
tt0000304,Grandma's Reading Glass,2
tt0000305,L'Habanera,\N
tt0000306,Le duel d'Hamlet,2
tt0000307,Happy Hooligan,\N
tt0000308,The House That Jack Built,1
tt0000309,How It Feels to Be Run Over,1
tt0000310,Chimmie Hicks and the Rum Omelet,\N
tt0000312,Le lapin,\N
tt0000313,Let Me Dream Again,1
tt0000314,Leçon de danse,\N
tt0000315,Le marchand de coco,\N
tt0000316,Marché à la volaille,\N
tt0000317,Le matelot,\N
tt0000318,Eine moderne Jungfrau von Orleans,\N
tt0000319,Momijigari,6
tt0000320,Mort d'Adonis,\N
tt0000321,The Mystic Swing,1
tt0000322,Panorama de Barcelona: monumentos y fiestas,6
tt0000323,Pas Japonais,\N
tt0000324,Pas de grâce,\N
tt0000325,Pas des éventails,\N
tt0000326,Pas du poignard,\N
tt0000327,La paysanne,\N
tt0000328,La petite magicienne,1
tt0000329,Le Polichinelle,\N
tt0000330,La poupée noire,\N
tt0000331,La reine des jouets,\N
tt0000332,Retour des champs,2
tt0000333,Le sang d'Adonis donnant naissance à la rose rouge,\N
tt0000334,Saut humidifié de M. Plick,\N
tt0000335,Soldiers of the Cross,40
tt0000336,La source,\N
tt0000337,Spanish Bullfight,1
tt0000338,Suite de la danse,\N
tt0000339,La tarentelle,\N
tt0000340,Uncle Josh in a Spooky Hotel,1
tt0000341,Uncle Josh's Nightmare,2
tt0000342,Une rage de dents,\N
tt0000343,Valse directoire,\N
tt0000344,Valse lente,\N
tt0000345,L'écossaise,\N
tt0000346,Another Job for the Undertaker,2
tt0000347,Buffalo Bill's Wild West Parade,2
tt0000348,Charmant froufrou,\N
tt0000349,"The Cheese Mites, or Lilliputians in a London Restaurant",1
tt0000350,The Countryman and the Cinematograph,1
tt0000351,Danses basques,\N
tt0000352,Day at the Circus,2
tt0000353,Execution of Czolgosz with Panorama of Auburn Prison,4
tt0000354,Exercício de Artilharia no Hipódromo de Belém,\N
tt0000355,Fire!,5
tt0000356,Frivolité,\N
tt0000357,The Haunted Curiosity Shop,2
tt0000358,Histoire d'un crime,5
tt0000359,L'homme à la tête en caoutchouc,3
tt0000360,Hussards et grisettes,\N
tt0000361,Lavatory moderne,\N
tt0000362,Lecture quotidienne,\N
tt0000363,The Magic Sword,2
tt0000364,Panorama of Esplanade by Night,1
tt0000365,Parada de Bombeiros,\N
tt0000366,Uma Parada dos Alunos da Casa Pia de Lisboa,\N
tt0000367,Pas de colombine,\N
tt0000368,Le petit chaperon rouge,\N
tt0000369,Pista de bicicletas para niños en Barcelona,3
tt0000370,Scrooge; or Marley's Ghost,6
tt0000371,Scène d'amour,\N
tt0000372,Scène d'ivresse,\N
tt0000373,Les sept châteaux du diable,11
tt0000374,Tel est pris qui croyait prendre,\N
tt0000375,Uma Tourada à Antiga Portuguesa,\N
tt0000376,A táncz,\N
tt0000377,Undressing Extraordinary,3
tt0000378,Les vagues,\N
tt0000379,Visita de la escuadra inglesa a Barcelona,6
tt0000380,La belle au bois dormant,\N
tt0000381,Buffalo Bill's Wild West Show,\N
tt0000382,Carnaval en las ramblas,9
tt0000383,Carreras de caballos en el hipódromo de Barcelona,6
tt0000384,Les chiens savants,3
tt0000385,Les clowns,\N
tt0000386,La cour des miracles,\N
tt0000387,The Coronation of Edward VII,4
tt0000388,Danse excentrique,2
tt0000389,Danse fantaisiste,\N
tt0000390,Danse mauresque,\N
tt0000391,La dent récalcitrante,\N
tt0000392,The Enchanted Cup,\N
tt0000393,En faction,\N
tt0000394,Farces de cuisinière,\N
tt0000395,La fiole enchantée,\N
tt0000396,Fruits de saison,\N
tt0000397,La gavotte,\N
tt0000398,La gigue,\N
tt0000399,Jack and the Beanstalk,10
tt0000400,Le lion savant,\N
tt0000401,Le marchand de ballons,\N
tt0000402,Mother Goose Nursery Rhymes,\N
tt0000403,Le pommier,\N
tt0000404,Pour secouer la salade,\N
tt0000405,La première gamelle,\N
tt0000406,The Prince of Darkness,\N
tt0000407,Procesión de las hijas de María de la parroquia de Sans,2
tt0000408,Quadrille réaliste,\N
tt0000409,Sage-femme de première classe,4
tt0000410,Demolishing and Building Up the Star Theatre,2
tt0000411,Trompé mais content,\N
tt0000412,The Troublesome Fly,\N
tt0000413,Les trésors de satan,3
tt0000414,Uncle Josh at the Moving Picture Show,2
tt0000415,Une scène en cabinet particulier vue à travers le trou de la serrure,\N
tt0000416,Les victimes de l'alcoolisme,4
tt0000417,Le voyage dans la lune,13
tt0000418,The Wild Man of Borneo,\N
tt0000419,L'équilibriste,\N
tt0000420,Alice in Wonderland,9
tt0000421,Les apaches pas veinards,\N
tt0000422,Les aventures d'un voyageur trop pressé,\N
tt0000423,La boîte à malice,1
tt0000424,Les braconniers,\N
tt0000425,Buffalo Bill's Parade,\N
tt0000426,Buffalo Bill's Street Parade,\N
tt0000427,Cake-walk de la pendule,\N
tt0000428,Carreras de bicicletas en el parque,\N
tt0000429,La chasse au cambrioleur,\N
tt0000430,A Chess Dispute,1
tt0000431,Comme on fait son lit on se couche,\N
tt0000432,Comment monsieur prend son bain,1
tt0000433,Compagnons de voyage encombrants,\N
tt0000434,Dorothy's Dream,\N
tt0000435,Enlèvement en automobile et mariage précipité,\N
tt0000436,An Extraordinary Cab Accident,1
tt0000437,Faust et Méphistophélès,2
tt0000438,Le fiancé ensorcelé,\N
tt0000439,The Great Train Robbery,11
tt0000440,La guirlande merveilleuse,4
tt0000441,Gulliver en el país de los gigantes,\N
tt0000442,Henrettelsen,1
tt0000443,"Hiawatha, the Messiah of the Ojibway",15
tt0000444,Illusionniste renversant,\N
tt0000445,Jocko musicien,\N
tt0000446,Kit Carson,21
tt0000447,Life of an American Fireman,6
tt0000448,Le liqueur du couvent,\N
tt0000449,Lutteurs américains,\N
tt0000450,La main du professeur Hamilton ou le roi des dollars,\N
tt0000451,Mary Jane's Mishap,4
tt0000452,The Messenger Boy's Mistake,2
tt0000453,Modelage express,\N
tt0000454,La mouche,\N
tt0000455,Le mélomane,3
tt0000456,N.Y. Fire Department Returning,\N
tt0000457,Ne bougeons plus,\N
tt0000458,Nos bons étudiants,\N
tt0000459,"Panorama of Riker's Island, N.Y.",2
tt0000460,The Pioneers,15
tt0000461,Potage indigeste,\N
tt0000462,La poule fantaisiste,\N
tt0000463,Puerto de Barcelona,1
tt0000464,Rip Van Winkle,4
tt0000465,Le royaume des fées,16
tt0000466,Répétition dans un cirque,\N
tt0000467,Secours aux naufragés,\N
tt0000468,Service précipité,\N
tt0000469,The Sick Kitten,1
tt0000470,Les surprises de l'affichage,\N
tt0000471,Uncle Tom's Cabin,13
tt0000472,Uncle Tom's Cabin,\N
tt0000473,La valise enchantée,\N
tt0000474,Le voleur sacrilège,\N
tt0000475,The Adventurous Voyage of 'The Arctic',10
tt0000476,Après la fête,\N
tt0000477,L'assassinat du courrier de Lyon,\N
tt0000478,Behind the Scenes,\N
tt0000479,Buy Your Own Cherries,4
tt0000480,Le coffre enchanté,3
tt0000481,A Collier's Life,\N
tt0000482,Comment on disperse les foules,\N
tt0000483,Les deux rivaux,\N
tt0000484,Les enfants du miracle,\N
tt0000485,La gavotte de la reine,\N
tt0000486,A Gentleman of France,5
tt0000487,The Great Train Robbery,8
tt0000488,The Land Beyond the Sunset,14
tt0000489,La leçon de pipeau,\N
tt0000490,L'oiseau envolé,\N
tt0000491,Opening the Williamsburg Bridge,1
tt0000492,Personal,6
tt0000493,Pierrot assassin,\N
tt0000494,Le pompon malencontreux,\N
tt0000495,Le pêcheur de perles,12
tt0000496,Railroad Smashup,1
tt0000497,A Railway Tragedy,5
tt0000498,Rescued by Rover,7
tt0000499,Le voyage à travers l'impossible,24
tt0000500,The Abductors,\N
tt0000501,Adventures of Sherlock Holmes,\N
tt0000502,Bohemios,100
tt0000503,"Corrida de beneficencia en Zaragoza, por Quinito y Montes",2
tt0000504,Coso y Paseo de Santa Engracia (Calles y plazas de Zaragoza),\N
tt0000505,La course à la perruque,6
tt0000506,"D.T.'s, or the Effect of Drink",\N
tt0000507,Departure of Peary and the Roosevelt from New York,4
tt0000508,Desde el coso a la calle Cerdán (Calles y plazas de Zaragoza),\N
tt0000509,Les débuts d'un chauffeur,3
tt0000510,El dúo de la Africana,\N
tt0000511,Esmeralda,10
tt0000512,Funeral of Hiram Cronk,4
tt0000513,Gigantes y cabezudos,\N
tt0000514,Los guapos de la Vaquería del Parque,\N
tt0000515,Los guapos del parque,6
tt0000516,El hotel eléctrico,8
tt0000517,El húsar de la guardia,\N
tt0000518,Juanito el forzudo,\N
tt0000519,The Kleptomaniac,8
tt0000520,The Life of Charles Peace,14
tt0000521,The Little Train Robbery,12
tt0000522,The Moonshiners,\N
tt0000523,Moose Hunting in Newfoundland,\N
tt0000524,New York Subway,6
tt0000525,Pendaison à Jefferson City,7
tt0000526,Pennsylvania Tunnel Excavation,3
tt0000527,Plaza de la Magdalena (Calles y plazas de Zaragoza),\N
tt0000528,"Raffles, the Amateur Cracksman",15
tt0000529,Reuben in the Opium Joint,\N
tt0000530,Se da de comer,\N
tt0000531,Los sitios de Chile,\N
tt0000532,Torrero y la ribera (Calles y plazas de Zaragoza),\N
tt0000533,The Wooing and Wedding of a Coon,\N
tt0000534,The '?' Motorist,3
tt0000535,Anarkistens svigermor,4
tt0000536,Apachentanz,6
tt0000537,"Arrival of Immigrants, Ellis Island",4
tt0000538,"Bilbao, Portugalete y los Altos Hornos",\N
tt0000539,Bonden i København,\N
tt0000540,Branden i Frihavnen,\N
tt0000541,Caros død,6
tt0000542,Cerveza gratis,7
tt0000543,Kong Christian d. IXs Bisættelse,15
tt0000544,The Dancer's Dream,\N
tt0000545,Dream of a Racetrack Fiend,\N
tt0000546,Dream of a Rarebit Fiend,7
tt0000547,Ferias en San Sebastián y Cabalgata en la Ría,\N
tt0000548,Fiskerliv i Norden,\N
tt0000549,En foræring til min Kone,\N
tt0000550,Proklamationen af Kong Frederik d. VIII,3
tt0000551,Fæstningskrigen,\N
tt0000552,The Hand of the Artist,2
tt0000553,The Haunted Hotel,5
tt0000554,Humorous Phases of Funny Faces,3
tt0000555,Den hvide slavinde,7
tt0000556,Hævnet,\N
tt0000557,Kathleen Mavourneen,15
tt0000558,Los kikos,\N
tt0000559,Konfirmanden,3
tt0000560,Ladrones burlados,\N
tt0000561,The Life of a Cowboy,13
tt0000562,Os Lusíadas,\N
tt0000563,Mellem Aber og Bjørne,\N
tt0000564,A Modern Oliver Twist,\N
tt0000565,The Night Before Christmas,9
tt0000566,Professorens Morgenavis,5
tt0000567,Les quatre cents farces du diable,17
tt0000568,Rosenborg Have,\N
tt0000569,Røverhøvdingens Flugt og Død,\N
tt0000570,San Francisco Disaster,3
tt0000571,The San Francisco Earthquake,14
tt0000572,Secreto de confesión,7
tt0000573,Den sorte maske,\N
tt0000574,The Story of the Kelly Gang,70
tt0000575,20000 lieues sous les mers,10
tt0000576,Ali Baba et les quarante voleurs,13
tt0000577,"Angelo, Tyran fra Padua",\N
tt0000578,"An Awful Skate; or, The Hobo on Rollers",\N
tt0000579,The Bandit Makes Good,\N
tt0000580,A Batalha das Flores no Campo Grande,3
tt0000581,Bauernhaus und Grafenschloß,\N
tt0000582,Ben Hur,15
tt0000583,Kameliadamen,14
tt0000584,El ciego de la aldea,8
tt0000585,Concurso de sardanas en el parque Guell,6
tt0000586,A Curious Dream,\N
tt0000587,La dea del mare,\N
tt0000588,Der var engang,\N
tt0000589,Descoberta da América por Cristovão Colombo,\N
tt0000590,Dr. Skinum,10
tt0000591,L'enfant prodigue,90
tt0000592,Eureka Stockade,\N
tt0000593,Fiestas de San Antonio,\N
tt0000594,Flugten fra seraillet,9
tt0000595,Rosen,9
tt0000596,Fyrtøjet,10
tt0000597,Les glaces merveilleuses,7
tt0000598,Hamlet,10
tt0000599,Isbjørnejagten,\N
tt0000601,Lohengrin,\N
tt0000602,Løvejagten,10
tt0000603,The Magic Fountain Pen,\N
tt0000604,Mesalliancen,\N
tt0000605,Mordet paa Fyn,\N
tt0000606,Mr. Gay and Mrs.,\N
tt0000607,La muerte del tirano,\N
tt0000608,En ny hat til Madammen,6
tt0000609,Otello,\N
tt0000610,Othello,\N
tt0000611,In the Sultan's Power,\N
tt0000612,Procesión marítima en Santa Cristina,6
tt0000613,O Rapto de Uma Actriz,\N
tt0000614,Le spectre rouge,9
tt0000615,Robbery Under Arms,\N
tt0000616,Romería a San Medín,\N
tt0000617,Røverens brud,12
tt0000618,Salaviinanpolttajat,20
tt0000619,Stalking and Shooting Caribou in Newfoundland,\N
tt0000620,Testamentet,\N
tt0000621,That Fatal Sneeze,6
tt0000622,Tierra baja,20
tt0000623,Tryllesækken,4
tt0000624,The Ugly Duckling,\N
tt0000625,Villafranca: Fiestas del Drac y bailes típicos,6
tt0000626,Yale Laundry,\N
tt0000627,'Ostler Joe,\N
tt0000628,Adventures of Dollie,12
tt0000629,After Many Years,17
tt0000630,Amleto,\N
tt0000631,Amleto,\N
tt0000632,Amor que mata,14
tt0000633,The Anarchist's Sweetheart,\N
tt0000634,Antony and Cleopatra,\N
tt0000636,As You Like It,\N
tt0000637,L'assassinat du duc de Guise,15
tt0000638,At the Crossroads of Life,9
tt0000639,At the French Ball,7
tt0000640,An Awful Moment,12
tt0000641,Balked at the Altar,12
tt0000642,The Bandit's Waterloo,12
tt0000643,Barbara Fritchie: The Story of a Patriotic American Woman,\N
tt0000644,Behind the Scenes,9
tt0000645,Betrayed by a Handprint,9
tt0000646,Biblical Scenes,\N
tt0000647,Bjørnejagten,\N
tt0000648,The Black Viper,10
tt0000649,Bobby's Kodak,\N
tt0000650,The Boston Tea Party,\N
tt0000651,"The Boy Detective, or The Abductors Foiled",5
tt0000653,A Calamitous Elopement,12
tt0000654,The Call of the Wild,16
tt0000655,Los calzoncillos de Tony,12
tt0000656,Il cane riconoscente,\N
tt0000657,Carreras de caballos de 1908,10
tt0000658,Le cauchemar de Fantoche,2
tt0000659,Caught by Wireless,10
tt0000660,The Christmas Burglars,11
tt0000661,La civilisation à travers les âges,\N
tt0000662,Classmates,12
tt0000663,The Clubman and the Tramp,17
tt0000664,Los competidores,6
tt0000665,Concealing a Burglar,11
tt0000666,Corrida de toros con Antonio Fuentes,25
tt0000667,Corrida de toros con Ricardo Torres 'Bombita',9
tt0000668,The Count of Monte Cristo,14
tt0000669,Cupid's Pranks,10
tt0000670,El curioso impertinente,12
tt0000671,Desdemona,\N
tt0000672,The Devil,10
tt0000673,La Dolores,15
tt0000674,Don Juan Tenorio,15
tt0000675,Don Quijote,\N
tt0000676,Don Álvaro o la fuerza del sino,\N
tt0000677,Ex-Convict No. 900,\N
tt0000678,Excursión a Montserrat,\N
tt0000679,The Fairylogue and Radio-Plays,120
tt0000680,Falsely Accused!,\N
tt0000681,A Famous Escape,\N
tt0000682,Fantasmagorie,2
tt0000683,The Fatal Hour,14
tt0000684,Father Gets in the Game,10
tt0000685,The Feud and the Turkey,15
tt0000686,Fiestas del carnaval de 1908 en Barcelona,\N
tt0000687,"A Florida Feud: or, Love in the Everglades",\N
tt0000688,The Flower Girl of Paris,\N
tt0000689,For Love of Gold,9
tt0000690,For a Wife's Honor,8
tt0000691,The French Maid,\N
tt0000692,El fusilamiento de Dorrego,\N
tt0000693,Gerona monumental,\N
tt0000694,The Girl and the Outlaw,14
tt0000695,The Greaser's Gauntlet,17
tt0000696,El guardia burlado,9
tt0000697,The Guerrilla,15
tt0000698,The Heart of O Yama,15
tt0000699,The Helping Hand,15
tt0000700,Her First Adventure,6
tt0000701,His Day of Rest,\N
tt0000703,Hulda's Lovers,\N
tt0000704,The Humpty Dumpty Circus,4
tt0000705,Inauguración de la exposición hispano-francesa,36
tt0000706,"Ingomar, the Barbarian",13
tt0000707,The Ingrate,15
tt0000708,The Invisible Fluid,12
tt0000709,Julius Caesar,13
tt0000711,The Kentuckian,\N
tt0000712,King of the Cannibal Islands,\N
tt0000713,The King's Messenger,\N
tt0000714,Leah the Forsaken,\N
tt0000715,The Life of an American Cowboy,17
tt0000716,Lonesome Junction,\N
tt0000717,Macbeth,9
tt0000718,Making Moving Pictures,\N
tt0000719,"Mallorca, isla dorada",14
tt0000720,The Man and the Woman,13
tt0000721,The Man in the Box,\N
tt0000722,Maria Marten,\N
tt0000723,María Rosa,18
tt0000724,The Merchant of Venice,9
tt0000725,Mixed Babies,\N
tt0000726,Monasterio de Poblet,10
tt0000727,Monday Morning in a Coney Island Police Court,7
tt0000728,Money Mad,11
tt0000729,Os Moços de Fretes Têm Sede,\N
tt0000730,Mr. Jones at the Ball,8
tt0000731,Mrs. Jones Entertains,11
tt0000732,The Music Master,\N
tt0000733,"Old Isaacs, the Pawnbroker",10
tt0000734,Othello,\N
tt0000736,The Outlaw,\N
tt0000737,Over the Hill to the Poorhouse,13
tt0000738,The Paris Hat,\N
tt0000739,El pastorcito de Torrente,\N
tt0000740,The Pirate's Gold,16
tt0000741,The Planter's Wife,14
tt0000742,Poverty and Compassion,\N
tt0000743,The Princess in the Vase,\N
tt0000744,Professional Jealousy,\N
tt0000745,"Raffles, an American Cracksman",\N
tt0000746,The Reckoning,8
tt0000747,The Red Girl,17
tt0000748,The Redman and the Child,14
tt0000749,Rescued from an Eagle's Nest,8
tt0000750,Richard III,\N
tt0000751,The Roman,\N
tt0000752,Romance of a Jewess,10
tt0000753,The Romance of an Egg,\N
tt0000754,Romeo and Juliet,15
tt0000755,Le rêve d'un fumeur d'opium,4
tt0000756,The Sculptor's Nightmare,11
tt0000757,She,\N
tt0000758,Sherlock Holmes i Livsfare,\N
tt0000759,Sherlock Holmes II,\N
tt0000760,Sherlock Holmes III,\N
tt0000761,"Simulacro de bomberos en la Plaza de Cataluña, de Barcelona",7
tt0000762,A Smoked Husband,8
tt0000763,The Snowman,\N
tt0000764,The Song of the Shirt,11
tt0000765,The Stage Rustler,\N
tt0000766,The Stage-Struck Daughter,\N
tt0000767,The Stolen Jewels,11
tt0000768,Svend Dyrings hus,15
tt0000769,Le tambourin fantastique,6
tt0000770,The Taming of the Shrew,17
tt0000771,The Tavern Keeper's Daughter,7
tt0000772,The Test of Friendship,13
tt0000773,Thompson's Night Out,\N
tt0000774,To the Custody of the Father,\N
tt0000775,Trop crédules,\N
tt0000776,Gli ultimi giorni di Pompei,17
tt0000777,An Unexpected Santa Claus,\N
tt0000778,The Valet's Wife,\N
tt0000779,The Vaquero's Vow,13
tt0000780,Verdens Herkules,\N
tt0000781,The Viking's Daughter: The Story of the Ancient Norsemen,\N
tt0000782,A Visit to the Seaside,8
tt0000783,When Knighthood Was in Flower,10
tt0000784,When Knights Were Bold,\N
tt0000785,Where the Breakers Roar,9
tt0000786,Wiegenlied,\N
tt0000787,A Woman's Way,11
tt0000788,The Yellow Peril,\N
tt0000789,The Zulu's Heart,13
tt0000790,The Airship Destroyer,20
tt0000791,Amor heroico,\N
tt0000792,And a Little Child Shall Lead Them,4
tt0000793,Andreas Hofer,12
tt0000794,Apachepigens hævn,\N
tt0000795,The Artist's Revenge,\N
tt0000796,As It Is in Real Life,\N
tt0000797,At the Altar,11
tt0000798,An Attempt to Smash a Bank,11
tt0000799,Aventuras de Pepín,\N
tt0000800,The Awakening,8
tt0000801,A Baby's Shoe,11
tt0000802,The Bailiff and the Dressmakers,\N
tt0000803,Barnet som Velgører,14
tt0000804,El barranco del lobo,\N
tt0000805,Baño imprevisto,\N
tt0000806,The Best Man Wins,\N
tt0000807,The Better Way,11
tt0000808,Betty's Choice,\N
tt0000809,Bill Sharkey's Last Game,\N
tt0000810,The Black Sheep,\N
tt0000811,The Blind Man,\N
tt0000812,El blocao Velarde,\N
tt0000813,Bluebeard,\N
tt0000814,La bocana de Mar Chica,\N
tt0000815,The Brahma Diamond,11
tt0000816,The Broken Locket,11
tt0000817,Et budskab til Napoleon paa Elba,14
tt0000818,The Burglar and the Child,\N
tt0000819,A Burglar's Mistake,10
tt0000820,Campaña del Riff,\N
tt0000821,The Cardinal's Conspiracy,11
tt0000822,Celos gitanos,24
tt0000823,A Change of Heart,11
tt0000824,A Child of the Forest,\N
tt0000825,The Children's Friend,4
tt0000826,Choosing a Husband,6
tt0000827,"Comata, the Sioux",10
tt0000828,Confidence,11
tt0000829,A Convict's Sacrifice,11
tt0000830,Corazón de madre,12
tt0000831,The Cord of Life,9
tt0000832,A Corner in Wheat,14
tt0000833,The Country Doctor,14
tt0000834,A Coward's Courage,\N
tt0000835,The Cricket on the Hearth,10
tt0000836,Os Crimes de Diogo Alves,16
tt0000837,The Criminal Hypnotist,10
tt0000838,A Cultura do Cacau,\N
tt0000839,The Curse of Money,\N
tt0000840,The Curtain Pole,13
tt0000841,The Day After,8
tt0000842,De Garraf a Barcelona,\N
tt0000843,The Death Disc: A Story of the Cromwellian Period,11
tt0000844,Smert Ioanna Groznogo,\N
tt0000845,The Deception,7
tt0000846,Un día en Xochimilco,\N
tt0000847,Don Juan heiratet,10
tt0000848,La toile d'araignée merveilleuse,\N
tt0000849,Dos guapos frente a frente,\N
tt0000850,Los dos hermanos,\N
tt0000851,The Drive for a Life,10
tt0000852,A Drunkard's Reformation,13
tt0000853,The Eavesdropper,7
tt0000854,Edgar Allan Poe,7
tt0000855,Eloping with Auntie,7
tt0000856,Entrevista de los Presidentes Díaz-Taft,30
tt0000857,Eradicating Aunty,6
tt0000858,The Expiation,11
tt0000859,Fabricación del corcho en Sant Feliu de Guixols,\N
tt0000860,The Faded Lilies,5
tt0000861,A Fair Exchange,11
tt0000862,Faldgruben,\N
tt0000863,Farmer Giles' Visit to London,\N
tt0000864,The Fascinating Mrs. Francis,5
tt0000865,A Father's Mistake,\N
tt0000866,Fellow Clerks,\N
tt0000867,Fiesta de toros,\N
tt0000868,Fiestas de Santa Lucía - Belenes,\N
tt0000869,Fiestas en La Garriga,\N
tt0000870,A Fool's Revenge,11
tt0000871,Fools of Fate,11
tt0000872,The Foundling,\N
tt0000873,Bakchisarayskiy fontan,\N
tt0000874,The French Duel,4
tt0000875,The Friend of the Family,8
tt0000876,Fuss and Feathers,\N
tt0000877,Getting Even,6
tt0000878,The Gibson Goddess,6
tt0000879,Gira política de Madero y Pino Suárez,\N
tt0000880,The Girls and Daddy,15
tt0000881,Le glas du père Césaire,\N
tt0000882,The Golden Louis,5
tt0000883,Den graa dame,14
tt0000884,Grevinde X,\N
tt0000885,Guzmán el Bueno,19
tt0000886,Hamlet,\N
tt0000887,Hansel and Gretel,\N
tt0000888,The Heart of a Clown,\N
tt0000889,The Heart of a Cowboy,\N
tt0000890,The Heart of an Outlaw,\N
tt0000891,Heksen og cyklisten,3
tt0000892,Her First Biscuits,6
tt0000893,Her Indian Hero,12
tt0000894,Herremandens Barnebarn,\N
tt0000895,The Hessian Renegades,10
tt0000896,The Hindoo Dagger,10
tt0000897,His Duty,5
tt0000898,His Lost Love,11
tt0000899,His Reformation,\N
tt0000900,His Ward's Love,3
tt0000901,His Wife's Mother,6
tt0000902,His Wife's Visitor,6
tt0000903,The Honor of Thieves,11
tt0000904,The House of Cards,16
tt0000905,I Did It,4
tt0000906,The Idiot of the Mountains,\N
tt0000907,In Little Italy,10
tt0000908,In Old Kentucky,11
tt0000909,In a Hempen Bag,5
tt0000910,In the Watches of the Night,11
tt0000911,In the Window Recess,4
tt0000912,The Indian Runner's Romance,11
tt0000913,The Indian Trailer,\N
tt0000914,Industria del corcho,7
tt0000915,Jailbird in Borrowed Feathers,\N
tt0000916,Je voudrais un enfant,6
tt0000917,Jealousy and the Man,5
tt0000918,"Jessie, the Stolen Child",\N
tt0000919,The Jilt,11
tt0000920,Jones and His New Neighbors,5
tt0000921,Jones and the Lady Book Agent,6
tt0000922,The Joneses Have Amateur Theatricals,4
tt0000923,El joyero,\N
tt0000924,Les joyeux microbes,5
tt0000925,Judgment,\N
tt0000926,Justicia de Felipe II,\N
tt0000927,Kinemacolor Puzzle,\N
tt0000928,King Lear,16
tt0000929,Klebolin klebt alles,\N
tt0000930,Der kleine Detektiv,\N
tt0000931,Dødsspringet,\N
tt0000932,En kvinde af folket,\N
tt0000933,Lady Helen's Escapade,8
tt0000934,Leather Stocking,11
tt0000935,The Light That Came,11
tt0000936,Lines of White on a Sullen Sea,11
tt0000938,The Little Darling,2
tt0000939,The Little Teacher,11
tt0000940,Lochinvar,\N
tt0000941,Locura de amor,45
tt0000942,The Lonely Villa,8
tt0000943,Love Finds a Way,5
tt0000944,The Luck of the Cards,\N
tt0000945,Lucky Jim,5
tt0000946,The Lure of the Gown,6
tt0000947,Lægens offer,\N
tt0000948,La légende de l'arc-en-ciel,\N
tt0000949,Det løbske gasrør,\N
tt0000950,Macbeth,\N
tt0000951,Madame Sans-Gêne,\N
tt0000952,Madame de Langeais,7
tt0000953,A Maid of the Mountains,\N
tt0000954,Mamma,\N
tt0000955,A Man with Three Wives,\N
tt0000956,The Maniac Cook,9
tt0000957,Mariage forcé,20
tt0000958,The Medicine Bottle,5
tt0000959,Melilla y el Gurugu,\N
tt0000960,The Mended Lute,11
tt0000961,The Message,10
tt0000962,The Mexican Sweethearts,3
tt0000963,A Mexican's Gratitude,\N
tt0000964,A Midnight Adventure,6
tt0000965,Midnight Disturbance,\N
tt0000966,A Midsummer Night's Dream,12
tt0000967,The Mills of the Gods,7
tt0000968,Mistaken Identity,\N
tt0000969,Les Misérables,44
tt0000970,Molière,20
tt0000971,Le Moulin maudit,6
tt0000972,The Mountaineer's Honor,11
tt0000974,Mr. Jones Has a Card Party,10
tt0000975,Mr. Jones' Burglar,4
tt0000976,"Mrs. Jones' Lover; or, 'I Want My Hat'",5
tt0000977,Mutterliebe,\N
tt0000978,Napoleon og hans lille Trompetist,\N
tt0000979,"Napoleon, the Man of Destiny",13
tt0000980,A Narrow Escape from Lynching,\N
tt0000981,The Necklace,11
tt0000982,The New Servant,\N
tt0000983,A New Trick,2
tt0000984,Niños en la alameda,\N
tt0000985,The Note in the Shoe,8
tt0000986,Nursing a Viper,10
tt0000987,Naar Djævle er paa Spil,15
tt0000988,Den nærsynede guvernante,2
tt0000989,"Oh, Uncle!",3
tt0000990,Oliver Twist,14
tt0000991,On the Little Big Horn or Custer's Last Stand,\N
tt0000992,De onde Veje,\N
tt0000993,One Busy Hour,3
tt0000994,One Good Turn Deserves Another,\N
tt0000995,One Touch of Nature,10
tt0000996,Only a Tramp,\N
tt0000997,The Open Gate,11
tt0000998,Otello,12
tt0000999,Paul Wangs skæbne,\N
tt0001000,The Peachbasket Hat,7
tt0001001,"Pippa Passes; or, The Song of Conscience",11
tt0001002,The Politician's Love Story,6
tt0001003,Por un ratón,8
tt0001004,Le portrait de Mireille,8
tt0001005,Pranks,4
tt0001006,Primera carrera internacional de automóviles 'Peña-Rhin',10
tt0001007,La primera y segunda casetas,\N
tt0001008,The Prince and the Pauper,\N
tt0001009,"Princess Nicotine; or, The Smoke Fairy",5
tt0001010,Protección de un convoy de víveres en el puente de camellos,\N
tt0001011,The Prussian Spy,5
