id,title,runtime
615656,Meg 2: The Trench,116.0
758323,The Pope's Exorcist,103.0
667538,Transformers: Rise of the Beasts,127.0
640146,Ant-Man and the Wasp: Quantumania,125.0
677179,Creed III,116.0
385687,Fast X,142.0
614479,Insidious: The Red Door,107.0
298618,The Flash,144.0
646389,Plane,107.0
569094,Spider-Man: Across the Spider-Verse,140.0
956101,The Eighth Clause,0.0
447277,The Little Mermaid,135.0
594767,Shazam! Fury of the Gods,130.0
455476,Knights of the Zodiac,113.0
872585,Oppenheimer,181.0
968051,The Nun II,110.0
965839,Lord of the Streets,85.0
670292,The Creator,134.0
507089,Five Nights at Freddy's,110.0
772515,Huesera: The Bone Woman,93.0
619930,Narvik,108.0
697843,Extraction 2,123.0
575264,Mission: Impossible - Dead Reckoning Part One,164.0
299054,Expend4bles,103.0
758009,Shotgun Wedding,101.0
32516,The Forbidden Legend: Sex & Chopsticks 2,93.0
447365,Guardians of the Galaxy Vol. 3,150.0
762430,Retribution,93.0
842544,Transfusion,105.0
511617,Berlin Drifters,123.0
420808,Peter Pan & Wendy,106.0
315162,Puss in Boots: The Last Wish,103.0
267805,There Are No Saints,105.0
635910,The Last Voyage of the Demeter,119.0
882569,Guy Ritchie's The Covenant,123.0
346698,Barbie,114.0
892070,Padre no hay más que uno 3,0.0
770509,The Nights Belong to Monsters,96.0
614930,Teenage Mutant Ninja Turtles: Mutant Mayhem,100.0
565770,Blue Beetle,128.0
843794,JUNG_E,98.0
840326,Sisu,91.0
603692,John Wick: Chapter 4,170.0
872906,Jawan,169.0
862553,Bar Fight,84.0
920143,The Trip 6,97.0
502356,The Super Mario Bros. Movie,93.0
713704,Evil Dead Rise,96.0
800158,The Killer,118.0
941520,Alien Sniperess,94.0
845885,Dark Blood,83.0
753342,Napoleon,158.0
852096,We Have a Ghost,127.0
587092,Unicorn Wars,92.0
736526,Troll,104.0
676547,Prey for the Devil,93.0
838484,Choose or Die,85.0
931954,Venus,101.0
746524,Blood,108.0
826753,Candy Land,93.0
663210,Lecciones para canallas,104.0
807172,The Exorcist: Believer,111.0
846433,The Enforcer,91.0
287003,Avatar: Scene Deconstruction,0.0
678512,Sound of Freedom,131.0
283995,Guardians of the Galaxy Vol. 2,137.0
788752,Viking Wolf,97.0
800815,The Pale Blue Eye,130.0
947938,Dolphin Boy,90.0
635302,Demon Slayer -Kimetsu no Yaiba- The Movie: Mugen Train,117.0
943221,Evil Eye,100.0
700391,65,92.0
599019,Big Trip 2: Special Delivery,90.0
661374,Glass Onion: A Knives Out Mystery,140.0
842942,Bandit,126.0
966220,Sniper: The White Raven,120.0
945729,A Haunting in Venice,104.0
899112,Violent Night,112.0
818422,Ritual,120.0
176,Saw,103.0
884605,No Hard Feelings,104.0
616037,Thor: Love and Thunder,119.0
869112,Somebody I Used to Know,106.0
828899,Metalocalypse: Army of the Doomstar,83.0
961323,Nimona,101.0
943822,Prizefighter: The Life of Jem Belcher,107.0
325358,Superfast!,99.0
551271,Medieval,126.0
873126,My Name Is Vendetta,90.0
411,"The Chronicles of Narnia: The Lion, the Witch and the Wardrobe",143.0
545611,Everything Everywhere All at Once,140.0
744857,When Evil Lurks,99.0
555604,Guillermo del Toro's Pinocchio,117.0
542196,Wolf Hound,127.0
839738,Me contro Te: Il film - Persi nel tempo,60.0
802401,Demon Slayer: Kimetsu no Yaiba Mt. Natagumo Arc,138.0
663712,Terrifier 2,138.0
573171,A Frozen Rooster,91.0
833950,Little Lies,92.0
785521,Battle: Freestyle,88.0
912826,Rubius X,76.0
480530,Creed II,130.0
507086,Jurassic World Dominion,147.0
929562,In the Forest,83.0
810693,Jujutsu Kaisen 0,105.0
312221,Creed,133.0
877269,Strange World,102.0
877703,Teen Wolf: The Movie,140.0
760741,Beast,93.0
505642,Black Panther: Wakanda Forever,162.0
111332,Avatar: Creating the World of Pandora,23.0
768362,Missing,111.0
949218,S.O.S. Mamis: La película,105.0
897192,Diary of a Wimpy Kid: Rodrick Rules,74.0
610150,Dragon Ball Super: Super Hero,99.0
718930,Bullet Train,126.0
899579,There's Something Wrong with the Children,92.0
76600,Avatar: The Way of Water,192.0
675353,Sonic the Hedgehog 2,122.0
361743,Top Gun: Maverick,131.0
740441,Unlocked,117.0
19995,Avatar,162.0
338958,Disenchanted,120.0
811948,Demon Slayer: Kimetsu no Yaiba the Hashira Meeting Arc,106.0
740952,Savage Salvation,101.0
836988,Chasing Love Time Machine,63.0
880841,Abandoned,102.0
916224,Suzume,123.0
568124,Encanto,102.0
862968,Pain Hustlers,122.0
370455,One Punch Man: Road to Hero,30.0
760204,The Lair,93.0
324786,Hacksaw Ridge,139.0
703451,Your Place or Mine,109.0
536437,Hypnotic,94.0
575322,Project Gemini,99.0
438148,Minions: The Rise of Gru,87.0
287004,Avatar: Production Materials,0.0
766507,Prey,100.0
829358,Queen of Spades,91.0
880313,The Wrath of God,97.0
937337,What a Father!,99.0
944864,The Takeover,87.0
436270,Black Adam,124.0
609681,The Marvels,105.0
899294,Frank and Penelope,112.0
680133,Mujib: The Making of a Nation,180.0
928769,AI Love You,95.0
448387,Doctor Strange: The Fabric of Reality,13.0
736769,They Cloned Tyrone,122.0
871832,Visitor,99.0
508947,Turning Red,100.0
683328,The Big 4,141.0
792775,Cop Secret,100.0
715931,Emancipation,132.0
536554,M3GAN,102.0
453395,Doctor Strange in the Multiverse of Madness,126.0
844396,The Friendship Game,87.0
893723,PAW Patrol: The Mighty Movie,92.0
458220,Palmer,110.0
764348,Step-Brother 2,80.0
785521,Battle: Freestyle,88.0
335977,Indiana Jones and the Dial of Destiny,155.0
823395,The Baker,103.0
580489,Venom: Let There Be Carnage,97.0
717980,Sharper,115.0
787752,Fresh,114.0
638974,Murder Mystery 2,90.0
782936,Nocebo,96.0
882598,Smile,115.0
8869,Eight Legged Freaks,99.0
672,Harry Potter and the Chamber of Secrets,161.0
883987,Megan,89.0
820067,The Quintessential Quintuplets Movie,136.0
717728,Jeepers Creepers: Reborn,88.0
949218,S.O.S. Mamis: La película,105.0
928769,AI Love You,95.0
118340,Guardians of the Galaxy,121.0
846778,Margaux,105.0
856245,To Kill the Beast,89.0
806929,The Immaculate Room,88.0
674,Harry Potter and the Goblet of Fire,157.0
585511,Luck,105.0
539681,DC League of Super-Pets,105.0
878183,The Independent,108.0
937013,The Mystic Nine: Begonia from Qingshan,74.0
634649,Spider-Man: No Way Home,148.0
831223,Gone Mom: The Disappearance of Jennifer Dulos,88.0
671,Harry Potter and the Philosopher's Stone,152.0
848278,Jurassic Hunt,83.0
751741,Night at the Museum: Kahmunrah Rises Again,77.0
955531,Sister Death,91.0
785521,Battle: Freestyle,88.0
960258,Shark Bait,87.0
934287,The Last Client,95.0
960704,Fullmetal Alchemist: The Final Alchemy,143.0
850028,"Alice, Darling",90.0
808,Shrek,90.0
791155,Secret Headquarters,104.0
763165,The Burial,127.0
852046,Athena,97.0
767,Harry Potter and the Half-Blood Prince,153.0
836225,The Exorcism of God,98.0
960096,The Bush,87.0
299534,Avengers: Endgame,181.0
831223,Gone Mom: The Disappearance of Jennifer Dulos,88.0
937046,L'oubliée d'Amboise,96.0
91314,Transformers: Age of Extinction,165.0
832502,The Monkey King,92.0
820525,After Everything,93.0
466420,Killers of the Flower Moon,206.0
338947,Hellraiser,121.0
671318,¿Y cómo es él?,95.0
28005,Kama Sutra: A Tale of Love,117.0
438695,Sing 2,110.0
805359,Onsen jôwa: Yubune de momi gaeri,80.0
675,Harry Potter and the Order of the Phoenix,138.0
768744,My Hero Academia: World Heroes' Mission,105.0
935819,"¿Nos casamos? Sí, mi amor",0.0
809363,La novia de América,0.0
851644,20th Century Girl,119.0
338953,Fantastic Beasts: The Secrets of Dumbledore,142.0
855440,Polar,76.0
299536,Avengers: Infinity War,149.0
337167,Fifty Shades Freed,105.0
1267,Meet the Robinsons,95.0
616747,Haunted Mansion,123.0
8920,Garfield,80.0
744276,After Ever Happy,95.0
452251,Beauty Salon: Special Service,81.0
447362,Life in a Year,107.0
673,Harry Potter and the Prisoner of Azkaban,141.0
703771,Deathstroke: Knights & Dragons - The Movie,87.0
829799,Paradise City,93.0
928015,Dracula: The Original Living Vampire,86.0
845659,Perfect Addiction,98.0
839436,Dragon Fury,88.0
854239,Till,131.0
708471,The Last Zombie,85.0
585083,Hotel Transylvania: Transformania,87.0
821489,All My Friends Hate Me,93.0
820232,Demon Slayer: Kimetsu no Yaiba Sibling's Bond,105.0
760161,Orphan: First Kill,99.0
829560,The Next 365 Days,112.0
631842,Knock at the Cabin,100.0
860419,Exchange Sex With A Friend Couple,60.0
912908,Strays,93.0
448387,Doctor Strange: The Fabric of Reality,13.0
948276,Lost Bullet 2,98.0
934641,The Minute You Wake Up Dead,90.0
854663,Blood Type O Watermelon Maid,70.0
284329,The Last of Us: One Night Live,61.0
457332,Hidden Strike,103.0
804150,Cocaine Bear,96.0
772446,Don't Open the Door,114.0
928773,Whisper,76.0
860407,人妻性奴隶：美人妻调教日记,0.0
772436,Matando Cabos 2: La Máscara del Máscara,102.0
216015,Fifty Shades of Grey,125.0
397243,The Autopsy of Jane Doe,86.0
785084,The Whale,116.0
597,Titanic,194.0
807200,El mundo es vuestro,102.0
557946,Last Looks,111.0
414906,The Batman,177.0
215,Saw II,93.0
872177,Corrective Measures,106.0
526896,Morbius,105.0
12444,Harry Potter and the Deathly Hallows: Part 1,146.0
12445,Harry Potter and the Deathly Hallows: Part 2,130.0
772436,Matando Cabos 2: La Máscara del Máscara,102.0
86328,Terrifier,20.0
961484,Last Seen Alive,95.0
752623,The Lost City,112.0
951491,Saw X,118.0
952374,The Aviary,95.0
848058,Piggy,100.0
859041,Crazy Fist,97.0
566466,Laid-Back Camp The Movie,121.0
943934,Dragonflies,103.0
799379,Project Wolf Hunting,122.0
811656,Potworny,89.0
816904,Mummies,88.0
50014,The Help,146.0
739405,Operation Fortune: Ruse de Guerre,114.0
439157,Dragon Ball Z: Resurrection 'F - Future Trunks Special Edition,0.0
930094,"Red, White & Royal Blue",121.0
774825,The Ice Age Adventures of Buck Wild,82.0
439079,The Nun,96.0
922955,Prisoner of Love,85.0
934433,Scream VI,123.0
926393,The Equalizer 3,109.0
809,Shrek 2,93.0
566525,Shang-Chi and the Legend of the Ten Rings,132.0
939210,Blue's Big City Adventure,74.0
839706,BTS Japan Official Fanmeeting Vol.3: Reaching You,150.0
854467,Indemnity,124.0
901908,The Key Game,107.0
668461,Slumberland,117.0
876792,That Time I Got Reincarnated as a Slime the Movie: Scarlet Bond,108.0
157336,Interstellar,169.0
163733,The Night Parade,83.0
928123,The Battle at Lake Changjin: Water Gate Bridge,149.0
818397,Memory,114.0
798544,Summer Ghost,40.0
335787,Uncharted,116.0
119450,Dawn of the Planet of the Apes,130.0
423108,The Conjuring: The Devil Made Me Do It,111.0
802699,The Girl from the Other Side,70.0
816952,My Best Friend's Exorcism,96.0
67308,3-D Sex and Zen: Extreme Ecstasy,105.0
47964,A Good Day to Die Hard,98.0
354912,Coco,105.0
436969,The Suicide Squad,132.0
297270,Tinker Bell and the Legend of the NeverBeast,77.0
629176,Samaritan,102.0
829280,Enola Holmes 2,129.0
543504,Detective vs. Sleuths,102.0
639933,The Northman,137.0
493529,Dungeons & Dragons: Honor Among Thieves,134.0
593643,The Menu,107.0
10192,Shrek Forever After,93.0
695721,The Hunger Games: The Ballad of Songbirds & Snakes,157.0
4935,Howl's Moving Castle,119.0
448383,Doctor Strange: The Score-Cerer Supreme,10.0
787699,Wonka,116.0
814757,Empire of Light,115.0
820511,Ripper Untold,85.0
7445,Brothers,105.0
772436,Matando Cabos 2: La Máscara del Máscara,102.0
537915,After,106.0
853163,Dumb & Dahmer,81.0
779782,The School for Good and Evil,146.0
139038,A Haunted House,86.0
646385,Scream,114.0
8587,The Lion King,89.0
675445,PAW Patrol: The Movie,86.0
868759,Ghosted,117.0
829557,365 Days: This Day,111.0
11688,The Emperor's New Groove,78.0
262743,Office Love: Behind Closed Doors,71.0
626735,Dog,102.0
938567,Teasing Master Takagi-san: The Movie,73.0
782054,Doraemon: Nobita's Little Star Wars 2021,108.0
632065,House Party,100.0
497828,Triangle of Sadness,147.0
37165,The Truman Show,103.0
335988,Transformers: The Last Knight,154.0
862965,Emily the Criminal,97.0
868985,¡Que Viva México!,191.0
665142,Young Aunt 3,78.0
755679,Fast X: Part 2,0.0
138843,The Conjuring,112.0
459151,The Boss Baby: Family Business,107.0
508943,Luca,95.0
485470,Nice Sister-In-Law 2,72.0
642885,Hocus Pocus 2,107.0
774752,The Guardians of the Galaxy Holiday Special,45.0
420818,The Lion King,118.0
335984,Blade Runner 2049,164.0
384018,Fast & Furious Presents: Hobbs & Shaw,137.0
779112,BTS World Tour 'Love Yourself - Speak Yourself' London,226.0
913673,Nefarious,98.0
919609,ODDTAXI in the Woods,128.0
417859,Puss in Boots,90.0
706972,Narco Sub,93.0
22,Pirates of the Caribbean: The Curse of the Black Pearl,143.0
960700,Fullmetal Alchemist: The Revenge of Scar,125.0
814338,Lady Chatterley's Lover,126.0
744275,After We Fell,99.0
877957,Drifting Home,121.0
637649,Wrath of Man,119.0
807356,Watcher,96.0
4247,Scary Movie,88.0
775943,Tarumama,90.0
709195,Legions,88.0
159211,The Haunting of Helena,87.0
40172,"Man, Woman & the Wall",84.0
777350,Dory's Reef Cam,182.0
613504,After We Collided,105.0
2062,Ratatouille,111.0
429473,Lou,107.0
767304,Redemption Day,100.0
777350,Dory's Reef Cam,182.0
335795,Monster High: The Movie,91.0
238,The Godfather,175.0
698779,Room Salon College Girls 3,70.0
648579,The Unbearable Weight of Massive Talent,107.0
168259,Furious 7,137.0
848932,Why Women Cheat,77.0
760104,X,106.0
624860,The Matrix Resurrections,147.0
777350,Dory's Reef Cam,182.0
102382,The Amazing Spider-Man 2,141.0
747803,One Way,96.0
453071,The Day Naruto Became Hokage,11.0
102899,Ant-Man,117.0
916719,Code Name Banshee,93.0
801071,The Jack in the Box: Awakening,89.0
919355,Dragon Knight,99.0
701561,Lee Chaedam's G-Spot,77.0
601796,Alienoid,143.0
629542,The Bad Guys,100.0
894246,Ride Above,109.0
45491,Sex and Zen,99.0
960875,The Chalk Line,106.0
691777,Jesus,130.0
588228,The Tomorrow War,138.0
18785,The Hangover,100.0
860623,Last Man Down,87.0
315635,Spider-Man: Homecoming,133.0
798286,Beau Is Afraid,179.0
59440,Warrior,140.0
744,Top Gun,110.0
1865,Pirates of the Caribbean: On Stranger Tides,137.0
1726,Iron Man,126.0
895006,Demon Slayer: Kimetsu no Yaiba - Tsuzumi Mansion Arc,87.0
532639,Pinocchio,105.0
967493,Inside The Walking Dead Season 11 (Part 1),0.0
70981,Prometheus,124.0
106646,The Wolf of Wall Street,180.0
818648,Love at First Kiss,96.0
758336,Love Again,104.0
120,The Lord of the Rings: The Fellowship of the Ring,179.0
779112,BTS World Tour 'Love Yourself - Speak Yourself' London,226.0
76338,Thor: The Dark World,112.0
761898,Sword Art Online the Movie -Progressive- Aria of a Starless Night,97.0
524434,Eternals,156.0
964980,Air,112.0
116322,The Legend of La Llorona,81.0
848932,Why Women Cheat,77.0
471707,Corpus Christi,116.0
886396,Batman and Superman: Battle of the Super Sons,79.0
330457,Frozen II,103.0
896485,Overdose,119.0
228150,Fury,135.0
502235,Purpose of Reunion 3,80.0
810171,The Valet,124.0
862,Toy Story,81.0
269149,Zootopia,109.0
39254,Real Steel,127.0
303857,Dragon Ball Z: Resurrection 'F',93.0
337339,The Fate of the Furious,136.0
10144,The Little Mermaid,83.0
579974,RRR,186.0
198663,The Maze Runner,113.0
460465,Mortal Kombat,110.0
337404,Cruella,134.0
691777,Jesus,130.0
843241,The Seven Deadly Sins: Cursed by Light,79.0
527774,Raya and the Last Dragon,107.0
871964,Nobody Sleeps in the Woods Tonight 2,97.0
879538,Crawlspace,90.0
425,Ice Age,81.0
290271,"One Piece ""3D2Y"": Overcome Ace's Death! Luffy's Vow to his Friends",105.0
10198,The Princess and the Frog,98.0
853315,Adultery Alumni Association 3,74.0
285,Pirates of the Caribbean: At World's End,169.0
10138,Iron Man 2,124.0
324857,Spider-Man: Into the Spider-Verse,117.0
723347,Robots,93.0
477462,The Twin,109.0
379686,Space Jam: A New Legacy,115.0
913991,Prison 77,125.0
800279,Corner Office,101.0
460458,Resident Evil: Welcome to Raccoon City,107.0
653851,Devotion,139.0
8871,How the Grinch Stole Christmas,104.0
438631,Dune,155.0
729097,Young Mother 5,95.0
1366,Rocky,120.0
260514,Cars 3,102.0
665899,Topside,85.0
518896,Warriors of Future,101.0
512195,Red Notice,118.0
585245,Clifford the Big Red Dog,97.0
585,"Monsters, Inc.",92.0
912916,The Other Zoey,91.0
728366,Borrego,102.0
883083,You Won't Be Alone,109.0
777245,Women Talking,104.0
843269,Eureka: Eureka Seven Hi-Evolution,116.0
11224,Cinderella,74.0
284052,Doctor Strange,115.0
755812,"Miraculous World: New York, United HeroeZ",62.0
348893,Boyka: Undisputed IV,87.0
135397,Jurassic World,124.0
155,The Dark Knight,152.0
615457,Nobody,92.0
833593,2037,126.0
649609,Renfield,93.0
864101,Mira,110.0
10195,Thor,115.0
1930,The Amazing Spider-Man,136.0
884363,Togo,95.0
644124,Dampyr,109.0
936061,Under Wraps 2,83.0
589761,Chernobyl: Abyss,136.0
259693,The Conjuring 2,134.0
810,Shrek the Third,93.0
507250,Dead Shot,87.0
812488,Don't Come Back Alive,85.0
420809,Maleficent: Mistress of Evil,119.0
284053,Thor: Ragnarok,131.0
911916,Spider-Man: Beyond the Spider-Verse,0.0
942951,Snake Island Python,77.0
937278,A Man Called Otto,126.0
552688,The Mother,115.0
940077,Jurassic World Dominion: Prologue,5.0
24428,The Avengers,143.0
901563,Close,104.0
639721,The Addams Family 2,93.0
87101,Terminator Genisys,126.0
821133,HollyBlood,88.0
429617,Spider-Man: Far From Home,129.0
691777,Jesus,130.0
801857,Toscana,0.0
287947,Shazam!,132.0
14836,Coraline,100.0
10674,Mulan,88.0
941959,An Argentinian Crime,113.0
592350,My Hero Academia: Heroes Rising,104.0
962232,Beyond the Universe,126.0
895003,Demon Slayer: Kimetsu no Yaiba - Asakusa Arc,103.0
324552,John Wick: Chapter 2,122.0
921360,Wire Room,97.0
508442,Soul,101.0
532067,KonoSuba: God's Blessing on this Wonderful World! Legend of Crimson,90.0
39456,Women in Fury,90.0
118,Charlie and the Chocolate Factory,115.0
99436,The Japanese Wife Next Door: Part 2,61.0
626872,Emergency Declaration,140.0
278,The Shawshank Redemption,142.0
726684,Miraculous World: Shanghai – The Legend of Ladydragon,54.0
919689,War of the Worlds: Annihilation,113.0
351286,Jurassic World: Fallen Kingdom,129.0
177572,Big Hero 6,102.0
759175,The Princess,94.0
529106,Major Grom: Plague Doctor,136.0
818647,Through My Window,112.0
1364,Sex and Lucía,128.0
109445,Frozen,102.0
126963,Dragon Ball Z: Battle of Gods,85.0
725201,The Gray Man,128.0
131631,The Hunger Games: Mockingjay - Part 1,123.0
505262,My Hero Academia: Two Heroes,96.0
408,Snow White and the Seven Dwarfs,83.0
293660,Deadpool,108.0
4232,Scream,112.0
295830,Attack on Titan,98.0
188070,Dream 9 Toriko & One Piece & Dragon Ball Z Super Collaboration Special!!,43.0
68726,Pacific Rim,131.0
667739,The Man from Toronto,113.0
9820,The Parent Trap,128.0
11,Star Wars,121.0
863,Toy Story 2,92.0
58,Pirates of the Caribbean: Dead Man's Chest,151.0
928391,The Red Book Ritual,83.0
927341,Hunting Ava Bravo,90.0
616851,Untitled 'The Walking Dead' Film,0.0
904039,Madagascar: A Little Wild Holiday Goose Chase,24.0
49013,Cars 2,106.0
98566,Teenage Mutant Ninja Turtles,101.0
347201,Boruto: Naruto the Movie,95.0
610133,The World of Dragon Ball Z,20.0
833425,No Exit,96.0
122917,The Hobbit: The Battle of the Five Armies,144.0
187652,That's Adultery!,101.0
20982,Naruto Shippuden the Movie,94.0
848123,Black Site,99.0
674324,The Banshees of Inisherin,114.0
774301,American Murderer,101.0
485811,Redcon-1,117.0
557,Spider-Man,121.0
50620,The Twilight Saga: Breaking Dawn - Part 2,115.0
696806,The Adam Project,106.0
366672,Paws of Fury: The Legend of Hank,98.0
106909,The School Teacher,89.0
939979,Paradise Highway,115.0
580116,The Rape,100.0
341174,Fifty Shades Darker,118.0
156022,The Equalizer,132.0
514999,Murder Mystery,97.0
906221,Magic Mike's Last Dance,112.0
14160,Up,96.0
529203,The Croods: A New Age,95.0
812225,Black Clover: Sword of the Wizard King,113.0
748501,Hot Hair Salon,70.0
43949,Flipped,89.0
889080,What We Leave Behind,71.0
800345,Carter,132.0
8966,Twilight,122.0
766680,Sexo,10.0
616820,Halloween Ends,111.0
447332,A Quiet Place,91.0
166428,How to Train Your Dragon: The Hidden World,104.0
648964,"Ninja Escapades: Creation of Akatsuki, The Two Uchiha, The Far Reaches of Hope",53.0
475557,Joker,122.0
578701,Those Who Wish Me Dead,100.0
44918,Titanic II,90.0
25769,Carriers,84.0
190859,American Sniper,133.0
9769,Lolita,137.0
381284,Hidden Figures,127.0
353081,Mission: Impossible - Fallout,147.0
811061,So Cold the River,93.0
589754,The Last Warrior: Root of Evil,120.0
370172,No Time to Die,163.0
4258,Scary Movie 5,86.0
850880,Sayen: Desert Road,94.0
464052,Wonder Woman 1984,151.0
961707,Hawa,104.0
296096,Me Before You,110.0
772450,Presences,0.0
739986,True Spirit,109.0
890541,7 Women and a Murder,84.0
34433,Dragon Ball Z: Broly – The Legendary Super Saiyan,70.0
197158,Porno,83.0
913290,Barbarian,103.0
82690,Wreck-It Ralph,101.0
718789,Lightyear,105.0
776797,The Sadness,99.0
383498,Deadpool 2,120.0
898308,Darby and the Dead,100.0
550988,Free Guy,115.0
619433,I Don't Like Younger Men 4,70.0
214756,Ted 2,115.0
572802,Aquaman and the Lost Kingdom,0.0
297802,Aquaman,143.0
876262,Garota da Moto,0.0
838197,"...Watch Out, We're Mad",90.0
766680,Sexo,10.0
724209,Heart of Stone,122.0
355651,The Student,50.0
99861,Avengers: Age of Ultron,141.0
759507,Blackout,81.0
615173,The Witch: Part 2. The Other One,137.0
150540,Inside Out,95.0
890980,God's Crooked Lines,155.0
857,Saving Private Ryan,169.0
11970,Hercules,93.0
830788,The Invitation,105.0
72190,World War Z,116.0
507903,Spoiler Alert,110.0
634528,The Marksman,108.0
466353,Oppressive Torture,61.0
728767,Solar Impact,86.0
747188,Asteroid City,105.0
766680,Sexo,10.0
86331,Desire,103.0
531219,Roald Dahl's The Witches,106.0
492999,Attack on Titan: The Roar of Awakening,120.0
9502,Kung Fu Panda,90.0
781099,Inexorable,98.0
197158,Porno,83.0
166426,Pirates of the Caribbean: Dead Men Tell No Tales,128.0
7347,Elite Squad,115.0
615777,Babylon,189.0
454286,God's Not Dead: A Light in Darkness,105.0
834734,Psychosexual,93.0
785976,Pelé,108.0
791373,Zack Snyder's Justice League,242.0
620705,Crater,104.0
406759,Moonfall,131.0
728754,Stand by Me Doraemon 2,96.0
340382,Attack on Titan II: End of the World,87.0
61979,Three Steps Above Heaven,122.0
38757,Tangled,100.0
13186,Wrong Turn 2: Dead End,96.0
940551,Migration,83.0
58428,The Innkeepers,101.0
536628,Megan,8.0
367401,With Aunt It's Not a Sin,79.0
474350,It Chapter Two,169.0
254128,San Andreas,114.0
458156,John Wick: Chapter 3 - Parabellum,131.0
888838,The Long Dark Trail,78.0
898278,The Middle Ages,90.0
762504,Nope,130.0
522938,Rambo: Last Blood,89.0
846993,"Goodbye, Don Glees!",95.0
198184,Chappie,120.0
762975,Purple Hearts,122.0
130925,Partysaurus Rex,7.0
101299,The Hunger Games: Catching Fire,146.0
441168,From Straight A's to XXX,87.0
877183,The Simpsons in Plusaversary,4.0
830784,"Lyle, Lyle, Crocodile",106.0
497698,Black Widow,134.0
9902,Wrong Turn,84.0
886912,Counting Sheep,108.0
807862,Peter von Kant,85.0
496276,Jurassic Park: Island Survival,138.0
49530,In Time,109.0
209112,Batman v Superman: Dawn of Justice,152.0
950044,Wakanda,0.0
122,The Lord of the Rings: The Return of the King,201.0
841651,Secret Agent Dingledorf and His Trusty Dog Splat,89.0
372058,Your Name.,106.0
10020,Beauty and the Beast,84.0
795514,The Fallout,96.0
23823,Wrong Turn 3: Left for Dead,91.0
49051,The Hobbit: An Unexpected Journey,169.0
454626,Sonic the Hedgehog,99.0
413518,Pinocchio,124.0
9637,Scooby-Doo,88.0
550,Fight Club,139.0
346364,It,135.0
82702,How to Train Your Dragon 2,102.0
335797,Sing,108.0
779112,BTS World Tour 'Love Yourself - Speak Yourself' London,226.0
46529,I Am Number Four,109.0
207703,Kingsman: The Secret Service,129.0
522518,A Dog's Journey,109.0
47971,xXx: Return of Xander Cage,107.0
345938,The Shack,132.0
399566,Godzilla vs. Kong,114.0
4234,Scream 3,116.0
12153,White Chicks,109.0
271110,Captain America: Civil War,147.0
934601,Jethica,72.0
676845,Come Play With Me,80.0
270946,Penguins of Madagascar,92.0
27205,Inception,148.0
400160,The SpongeBob Movie: Sponge on the Run,95.0
38700,Bad Boys for Life,124.0
38365,Grown Ups,102.0
7555,Rambo,92.0
848791,The Stranger,117.0
926980,The Privilege,107.0
497,The Green Mile,189.0
652574,Swingers Party with My Friend,65.0
778552,The Penitent Thief,93.0
842675,The Wandering Earth II,173.0
1374,Rocky IV,91.0
39108,Dragon Ball Z: Wrath of the Dragon,51.0
18240,The Proposal,108.0
696157,Whitney Houston: I Wanna Dance with Somebody,144.0
481848,The Call of the Wild,100.0
257344,Pixels,105.0
32657,Percy Jackson & the Olympians: The Lightning Thief,118.0
929170,Honor Society,97.0
685833,What Happened at the Carpenter's Shop,75.0
49026,The Dark Knight Rises,165.0
871875,Escape the Undertaker,31.0
522402,Finch,115.0
24021,The Twilight Saga: Eclipse,124.0
298312,The Visit,94.0
951368,Your Boyfriend Is Mine,85.0
38234,Undisputed III: Redemption,96.0
791348,Constantine: The House of Mystery,27.0
6479,I Am Legend,101.0
539885,Ava,96.0
140300,Kung Fu Panda 3,95.0
721656,"Happy Halloween, Scooby-Doo!",76.0
221912,Raped by an Angel 4: The Rapist's Union,81.0
938008,The Killer,95.0
102651,Maleficent,97.0
72545,Journey 2: The Mysterious Island,94.0
129,Spirited Away,125.0
953,Madagascar,86.0
615469,Spiderhead,106.0
955644,Mia and Me: The Hero of Centopia,82.0
559,Spider-Man 3,139.0
764835,The Desperate Hour,84.0
9567,Tears of the Sun,121.0
901362,Trolls Band Together,92.0
147441,Exodus: Gods and Kings,150.0
77877,The Lucky One,101.0
4248,Scary Movie 2,83.0
8681,Taken,94.0
630586,Wrong Turn,110.0
268896,Pacific Rim: Uprising,111.0
955991,The Offering,93.0
936952,Sitting in Bars with Cake,120.0
75258,Secret of the Wings,92.0
150689,Cinderella,105.0
264859,Six Swedish Girls in Alps,90.0
788905,A un paso de mí,114.0
495764,Birds of Prey (and the Fantabulous Emancipation of One Harley Quinn),109.0
283366,Miss Peregrine's Home for Peculiar Children,127.0
9487,A Bug's Life,95.0
301804,Before I Wake,97.0
121,The Lord of the Rings: The Two Towers,179.0
49444,Kung Fu Panda 2,91.0
397567,Along with the Gods: The Two Worlds,139.0
545609,Extraction,116.0
667216,Infinity Pool,118.0
381288,Split,117.0
12,Finding Nemo,100.0
616851,Untitled 'The Walking Dead' Film,0.0
723072,Host,57.0
525660,Dynasty Warriors,118.0
790496,Bad Luck Banging or Loony Porn,106.0
57214,Project X,88.0
870096,Restart The Earth,89.0
760926,Gold,97.0
732459,Blade of the 47 Ronin,106.0
550205,Wish Dragon,99.0
280,Terminator 2: Judgment Day,137.0
871875,Escape the Undertaker,31.0
22894,Legion,100.0
259316,Fantastic Beasts and Where to Find Them,132.0
605886,To Catch a Killer,119.0
238636,The Purge: Anarchy,104.0
44251,Dragon Ball Z: Broly – Second Coming,48.0
10607,Don't Be a Menace to South Central While Drinking Your Juice in the Hood,89.0
476669,The King's Man,131.0
840789,Matadero,106.0
803114,The Requin,89.0
900667,One Piece Film Red,115.0
10191,How to Train Your Dragon,98.0
668482,Roald Dahl's Matilda the Musical,117.0
800510,Kimi,89.0
244784,Six Swedish Girls in a Boarding School,91.0
724495,The Woman King,135.0
643215,Asterix & Obelix: The Middle Kingdom,112.0
372519,The Ten Commandments: The Movie,120.0
420821,Chip 'n Dale: Rescue Rangers,99.0
343668,Kingsman: The Golden Circle,141.0
943533,Stalked by a Prince,85.0
14161,2012,158.0
141052,Justice League,120.0
823625,Blacklight,104.0
293167,Kong: Skull Island,118.0
458576,Monster Hunter,104.0
606402,Yaksha: Ruthless Operations,125.0
632727,Texas Chainsaw Massacre,83.0
843633,White Elephant,93.0
920,Cars,117.0
260346,Taken 3,109.0
35,The Simpsons Movie,87.0
9023,Spirit: Stallion of the Cimarron,83.0
109418,Grown Ups 2,101.0
905015,Rick and Morty: Samurai & Shogun Part 2,5.0
575249,Dragon Ball Z: The Real 4-D at Super Tenkaichi Budokai,0.0
390845,A Delicious Flight,97.0
83201,Puss in Boots: The Three Diablos,13.0
80321,Madagascar 3: Europe's Most Wanted,93.0
109439,The Hangover Part III,100.0
555285,"Are You There God? It's Me, Margaret.",107.0
695568,Finding Grace,106.0
667276,Legend Quest: The Origin,90.0
298094,Hidden Desire,78.0
181808,Star Wars: The Last Jedi,152.0
39323,Dragon Ball Z: Bardock - The Father of Goku,48.0
337401,Mulan,115.0
60898,Erotic Ghost Story,88.0
916605,The Infernal Machine,107.0
949423,Pearl,102.0
193893,Let's Be Cops,104.0
49521,Man of Steel,143.0
10193,Toy Story 3,103.0
619778,Malignant,111.0
301528,Toy Story 4,100.0
106758,Angel Guts: Red Porno,67.0
842033,Ghost Mansion,106.0
82675,Taken 2,91.0
848526,Family Game,110.0
722149,Luther: The Fallen Sun,129.0
263115,Logan,137.0
806368,The Son,123.0
427641,Rampage,107.0
758724,The Cellar,94.0
245891,John Wick,101.0
105,Back to the Future,116.0
15092,Crank: High Voltage,96.0
932430,Prom Pact,98.0
3170,Bambi,70.0
451048,Jungle Cruise,127.0
43549,The Experiment,96.0
8363,Superbad,113.0
852606,WWE WrestleMania 39 Sunday,214.0
18095,Dragon Ball GT: A Hero's Legacy,45.0
378064,A Silent Voice: The Movie,130.0
848326,Rebel Moon Part One: A Child of Fire,0.0
640,Catch Me If You Can,141.0
892068,The Kids Are Alright 2,84.0
43552,Vanishing on 7th Street,92.0
111,Scarface,170.0
825808,See for Me,92.0
242,The Godfather Part III,170.0
772071,Cuando Sea Joven,115.0
809314,Trigger Point,82.0
680,Pulp Fiction,154.0
560057,The Sea Beast,119.0
588108,Hansan: Rising Dragon,130.0
1359,American Psycho,102.0
512200,Jumanji: The Next Level,123.0
12429,Ponyo,100.0
814608,The Belly of the Sea,78.0
934957,The Darker the Lake,100.0
812,Aladdin,90.0
335983,Venom,112.0
49529,John Carter,132.0
571891,Pokemon the Movie: Mewtwo Strikes Back - Evolution,98.0
769466,"One Year, One Night",130.0
68718,Django Unchained,165.0
56292,Mission: Impossible - Ghost Protocol,133.0
1369,Rambo: First Blood Part II,96.0
37135,Tarzan,88.0
849177,Seasons,108.0
45243,The Hangover Part II,102.0
452607,Sonic Maskarada,
489150,Young Sister-in-Law 3,81.0
924482,The Ledge,86.0
62177,Brave,93.0
850871,Sayen,94.0
61927,Porno Unplugged,105.0
862551,Me Time,104.0
603,The Matrix,136.0
949,Heat,170.0
647250,The Machine,112.0
126889,Alien: Covenant,122.0
805320,Bird Box Barcelona,124.0
705861,Hustle,118.0
131634,The Hunger Games: Mockingjay - Part 2,137.0
887357,Green Lantern: Beware My Power,87.0
16869,Inglourious Basterds,153.0
721173,Good Mother 3,70.0
49519,The Croods,98.0
1734,The Mummy Returns,130.0
814608,The Belly of the Sea,78.0
9732,The Lion King II: Simba's Pride,81.0
404250,Zatch Bell! 101st Devil,84.0
366799,Exorcismo Documentado,117.0
9806,The Incredibles,115.0
554751,Chief of Chiefs,104.0
177677,Mission: Impossible - Rogue Nation,131.0
409502,I'm Not Ashamed,112.0
632357,The Unholy,99.0
892527,King,105.0
648990,La Casa,73.0
50546,Just Go with It,117.0
893338,Gatlopp: Hell of a Game,80.0
568091,Fractured,99.0
421892,Shrek 5,0.0
424,Schindler's List,195.0
85,Raiders of the Lost Ark,115.0
763285,Ambulance,136.0
175112,Tinker Bell and the Pirate Fairy,78.0
788905,A un paso de mí,114.0
118406,Road to Ninja: Naruto the Movie,109.0
532408,The Boogeyman,99.0
956,Mission: Impossible III,126.0
10527,Madagascar: Escape 2 Africa,89.0
4705,The Sensuous Nurse,90.0
670327,Marudase Kintarou,10.0
57158,The Hobbit: The Desolation of Smaug,161.0
20352,Despicable Me,95.0
22803,Law Abiding Citizen,109.0
46195,Rio,96.0
602223,The Forever Purge,103.0
1367,Rocky II,119.0
293863,The Age of Adaline,112.0
704264,Primal: Tales of Savagery,85.0
805411,Descendants: The Royal Wedding,22.0
773975,End of the Road,89.0
754934,Son,98.0
4233,Scream 2,120.0
404368,Ralph Breaks the Internet,112.0
72331,Abraham Lincoln: Vampire Hunter,105.0
546554,Knives Out,131.0
829920,Fate/Grand Order Final Singularity – Grand Temple of Time: Solomon,94.0
843906,Straight Outta Nowhere: Scooby-Doo! Meets Courage the Cowardly Dog,72.0
835739,Super Monsters: Once Upon a Rhyme,0.0
297762,Wonder Woman,141.0
307081,Southpaw,123.0
13,Forrest Gump,142.0
72105,Ted,107.0
13179,Tinker Bell,78.0
423204,Angel Has Fallen,122.0
800741,She's the One,104.0
458083,Covet: Island of Desire,81.0
106,Predator,107.0
10882,Sleeping Beauty,75.0
185665,Secretary Rope Discipline,67.0
14199,The Adventures of Sharkboy and Lavagirl,92.0
926899,The House,97.0
412117,The Secret Life of Pets 2,86.0
864370,Incantation,111.0
385128,F9,143.0
140607,Star Wars: The Force Awakens,136.0
61791,Rise of the Planet of the Apes,105.0
452073,Young Sister-In-Law 2,94.0
886755,The Substitute,111.0
18239,The Twilight Saga: New Moon,131.0
481084,The Addams Family,86.0
210577,Gone Girl,149.0
57800,Ice Age: Continental Drift,88.0
112355,What the Peeper Saw,89.0
568620,Snake Eyes: G.I. Joe Origins,121.0
662708,Pokémon the Movie: Secrets of the Jungle,98.0
77338,The Intouchables,113.0
506574,Descendants 3,106.0
643274,Beauty Salon: Special Service 3,84.0
240,The Godfather Part II,202.0
396535,Train to Busan,118.0
9479,The Nightmare Before Christmas,76.0
11351,Jeepers Creepers 2,104.0
